Price,Datetime,Close,High,Low,Open,Volume,timestamp,SMA20,SMA50
Ticker,,RELIANCE.NS,RELIANCE.NS,RELIANCE.NS,RELIANCE.NS,RELIANCE.NS,,,
0,2025-05-15 03:45:00+00:00,1424.199951171875,1425.5,1423.199951171875,1423.4000244140625,0,2025-05-15 03:45:00+00:00,,
1,2025-05-15 03:46:00+00:00,1421.5,1425.199951171875,1421.4000244140625,1424.5,37396,2025-05-15 03:46:00+00:00,,
2,2025-05-15 03:47:00+00:00,1421.699951171875,1423.0,1421.300048828125,1421.800048828125,68483,2025-05-15 03:47:00+00:00,,
3,2025-05-15 03:48:00+00:00,1420.699951171875,1421.699951171875,1420.5999755859375,1421.699951171875,49617,2025-05-15 03:48:00+00:00,,
4,2025-05-15 03:49:00+00:00,1420.0,1420.9000244140625,1419.5999755859375,1420.800048828125,89371,2025-05-15 03:49:00+00:00,,
5,2025-05-15 03:50:00+00:00,1418.4000244140625,1420.0999755859375,1418.0,1419.9000244140625,75135,2025-05-15 03:50:00+00:00,,
6,2025-05-15 03:51:00+00:00,1419.5999755859375,1419.9000244140625,1418.0999755859375,1418.4000244140625,45002,2025-05-15 03:51:00+00:00,,
7,2025-05-15 03:52:00+00:00,1418.5,1419.5999755859375,1418.0999755859375,1419.5,78927,2025-05-15 03:52:00+00:00,,
8,2025-05-15 03:53:00+00:00,1419.199951171875,1419.300048828125,1417.5999755859375,1418.5,41183,2025-05-15 03:53:00+00:00,,
9,2025-05-15 03:54:00+00:00,1420.9000244140625,1421.4000244140625,1419.300048828125,1419.300048828125,28700,2025-05-15 03:54:00+00:00,,
10,2025-05-15 03:55:00+00:00,1420.800048828125,1422.0,1420.300048828125,1420.800048828125,32420,2025-05-15 03:55:00+00:00,,
11,2025-05-15 03:56:00+00:00,1418.5,1421.0,1418.0999755859375,1421.0,22280,2025-05-15 03:56:00+00:00,,
12,2025-05-15 03:57:00+00:00,1419.0,1419.699951171875,1418.5,1418.5,23412,2025-05-15 03:57:00+00:00,,
13,2025-05-15 03:58:00+00:00,1417.4000244140625,1419.0999755859375,1417.300048828125,1419.0,28248,2025-05-15 03:58:00+00:00,,
14,2025-05-15 03:59:00+00:00,1417.800048828125,1418.199951171875,1417.4000244140625,1417.4000244140625,32095,2025-05-15 03:59:00+00:00,,
15,2025-05-15 04:00:00+00:00,1417.5,1419.0999755859375,1417.5,1419.0999755859375,22580,2025-05-15 04:00:00+00:00,,
16,2025-05-15 04:01:00+00:00,1418.300048828125,1419.5,1417.9000244140625,1418.4000244140625,36299,2025-05-15 04:01:00+00:00,,
17,2025-05-15 04:02:00+00:00,1418.4000244140625,1418.800048828125,1417.699951171875,1418.199951171875,24835,2025-05-15 04:02:00+00:00,,
18,2025-05-15 04:03:00+00:00,1418.0999755859375,1418.699951171875,1417.800048828125,1418.4000244140625,22581,2025-05-15 04:03:00+00:00,,
19,2025-05-15 04:04:00+00:00,1417.0,1418.0999755859375,1417.0,1418.0999755859375,32416,2025-05-15 04:04:00+00:00,1419.375,
20,2025-05-15 04:05:00+00:00,1416.4000244140625,1416.5999755859375,1415.199951171875,1416.199951171875,67069,2025-05-15 04:05:00+00:00,1418.9850036621094,
21,2025-05-15 04:06:00+00:00,1417.0,1418.0,1416.199951171875,1416.4000244140625,41675,2025-05-15 04:06:00+00:00,1418.7600036621093,
22,2025-05-15 04:07:00+00:00,1416.9000244140625,1417.5999755859375,1416.0,1417.300048828125,40519,2025-05-15 04:07:00+00:00,1418.5200073242188,
23,2025-05-15 04:08:00+00:00,1416.199951171875,1416.9000244140625,1416.0999755859375,1416.800048828125,17846,2025-05-15 04:08:00+00:00,1418.2950073242187,
24,2025-05-15 04:09:00+00:00,1415.5999755859375,1416.800048828125,1415.5999755859375,1415.800048828125,35523,2025-05-15 04:09:00+00:00,1418.0750061035155,
25,2025-05-15 04:10:00+00:00,1415.300048828125,1416.0999755859375,1415.300048828125,1415.5999755859375,24130,2025-05-15 04:10:00+00:00,1417.9200073242187,
26,2025-05-15 04:11:00+00:00,1415.300048828125,1415.4000244140625,1415.0999755859375,1415.0999755859375,24889,2025-05-15 04:11:00+00:00,1417.705010986328,
27,2025-05-15 04:12:00+00:00,1415.300048828125,1415.699951171875,1415.199951171875,1415.5,27895,2025-05-15 04:12:00+00:00,1417.5450134277344,
28,2025-05-15 04:13:00+00:00,1415.5999755859375,1416.0,1415.0999755859375,1415.0999755859375,39199,2025-05-15 04:13:00+00:00,1417.3650146484374,
29,2025-05-15 04:14:00+00:00,1415.800048828125,1416.300048828125,1415.0999755859375,1415.699951171875,61798,2025-05-15 04:14:00+00:00,1417.1100158691406,
30,2025-05-15 04:15:00+00:00,1413.699951171875,1415.699951171875,1413.4000244140625,1415.699951171875,154250,2025-05-15 04:15:00+00:00,1416.7550109863282,
31,2025-05-15 04:16:00+00:00,1414.0,1414.199951171875,1412.800048828125,1413.4000244140625,129895,2025-05-15 04:16:00+00:00,1416.530010986328,
32,2025-05-15 04:17:00+00:00,1416.0,1416.0999755859375,1414.0,1414.0999755859375,63827,2025-05-15 04:17:00+00:00,1416.3800109863282,
33,2025-05-15 04:18:00+00:00,1415.699951171875,1416.5,1415.300048828125,1415.5999755859375,36155,2025-05-15 04:18:00+00:00,1416.2950073242187,
34,2025-05-15 04:19:00+00:00,1415.5999755859375,1416.5999755859375,1415.199951171875,1415.5,30273,2025-05-15 04:19:00+00:00,1416.1850036621095,
35,2025-05-15 04:20:00+00:00,1414.199951171875,1416.199951171875,1414.199951171875,1415.5,34436,2025-05-15 04:20:00+00:00,1416.020001220703,
36,2025-05-15 04:21:00+00:00,1415.699951171875,1416.0999755859375,1414.300048828125,1414.300048828125,24132,2025-05-15 04:21:00+00:00,1415.8899963378906,
37,2025-05-15 04:22:00+00:00,1416.4000244140625,1417.5,1415.699951171875,1416.4000244140625,34030,2025-05-15 04:22:00+00:00,1415.7899963378907,
38,2025-05-15 04:23:00+00:00,1416.199951171875,1416.800048828125,1415.4000244140625,1416.300048828125,16729,2025-05-15 04:23:00+00:00,1415.6949951171875,
39,2025-05-15 04:24:00+00:00,1416.0999755859375,1416.300048828125,1415.0999755859375,1416.199951171875,22230,2025-05-15 04:24:00+00:00,1415.6499938964844,
40,2025-05-15 04:25:00+00:00,1416.5,1417.0,1415.699951171875,1415.699951171875,15251,2025-05-15 04:25:00+00:00,1415.6549926757812,
41,2025-05-15 04:26:00+00:00,1416.5999755859375,1417.0,1415.199951171875,1416.699951171875,19932,2025-05-15 04:26:00+00:00,1415.634991455078,
42,2025-05-15 04:27:00+00:00,1416.300048828125,1416.9000244140625,1416.0,1416.800048828125,11625,2025-05-15 04:27:00+00:00,1415.6049926757812,
43,2025-05-15 04:28:00+00:00,1415.199951171875,1416.800048828125,1415.0999755859375,1416.300048828125,29317,2025-05-15 04:28:00+00:00,1415.5549926757812,
44,2025-05-15 04:29:00+00:00,1417.0,1417.0,1415.5,1415.699951171875,24069,2025-05-15 04:29:00+00:00,1415.6249938964843,
45,2025-05-15 04:30:00+00:00,1416.9000244140625,1417.9000244140625,1416.699951171875,1417.0,38930,2025-05-15 04:30:00+00:00,1415.7049926757813,
46,2025-05-15 04:31:00+00:00,1418.5999755859375,1418.699951171875,1416.699951171875,1416.9000244140625,38906,2025-05-15 04:31:00+00:00,1415.8699890136718,
47,2025-05-15 04:32:00+00:00,1416.9000244140625,1418.5999755859375,1416.9000244140625,1418.5999755859375,13639,2025-05-15 04:32:00+00:00,1415.9499877929688,
48,2025-05-15 04:33:00+00:00,1416.5999755859375,1417.0999755859375,1416.5,1417.0,14735,2025-05-15 04:33:00+00:00,1415.9999877929688,
49,2025-05-15 04:34:00+00:00,1415.699951171875,1416.5,1415.199951171875,1416.5,24852,2025-05-15 04:34:00+00:00,1415.9949829101563,1417.33599609375
50,2025-05-15 04:35:00+00:00,1414.5,1416.4000244140625,1414.5,1415.5,27572,2025-05-15 04:35:00+00:00,1416.0349853515625,1417.1419970703125
51,2025-05-15 04:36:00+00:00,1414.300048828125,1415.0,1414.0,1414.5,40059,2025-05-15 04:36:00+00:00,1416.0499877929688,1416.997998046875
52,2025-05-15 04:37:00+00:00,1414.300048828125,1414.9000244140625,1413.9000244140625,1414.5,25922,2025-05-15 04:37:00+00:00,1415.964990234375,1416.85
53,2025-05-15 04:38:00+00:00,1414.4000244140625,1414.800048828125,1413.9000244140625,1414.199951171875,30812,2025-05-15 04:38:00+00:00,1415.8999938964844,1416.7240014648437
54,2025-05-15 04:39:00+00:00,1414.800048828125,1415.9000244140625,1414.0,1414.4000244140625,31484,2025-05-15 04:39:00+00:00,1415.8599975585937,1416.6200024414063
55,2025-05-15 04:40:00+00:00,1415.0,1415.4000244140625,1414.0,1414.5999755859375,21697,2025-05-15 04:40:00+00:00,1415.9,1416.552001953125
56,2025-05-15 04:41:00+00:00,1415.5,1415.699951171875,1414.300048828125,1415.0,19233,2025-05-15 04:41:00+00:00,1415.8900024414063,1416.4700024414062
57,2025-05-15 04:42:00+00:00,1416.0999755859375,1416.199951171875,1415.0,1415.5,17341,2025-05-15 04:42:00+00:00,1415.875,1416.422001953125
58,2025-05-15 04:43:00+00:00,1416.4000244140625,1416.4000244140625,1415.4000244140625,1416.199951171875,11917,2025-05-15 04:43:00+00:00,1415.8850036621093,1416.3660034179688
59,2025-05-15 04:44:00+00:00,1415.800048828125,1416.9000244140625,1415.5,1416.9000244140625,18633,2025-05-15 04:44:00+00:00,1415.8700073242187,1416.26400390625
60,2025-05-15 04:45:00+00:00,1416.800048828125,1416.9000244140625,1415.4000244140625,1415.800048828125,10695,2025-05-15 04:45:00+00:00,1415.885009765625,1416.18400390625
61,2025-05-15 04:46:00+00:00,1417.5999755859375,1417.699951171875,1416.5999755859375,1416.9000244140625,13211,2025-05-15 04:46:00+00:00,1415.935009765625,1416.1660034179688
62,2025-05-15 04:47:00+00:00,1417.5,1417.9000244140625,1417.5,1417.699951171875,4288,2025-05-15 04:47:00+00:00,1415.9950073242187,1416.1360034179688
63,2025-05-15 04:48:00+00:00,1416.4000244140625,1417.800048828125,1415.300048828125,1417.800048828125,19099,2025-05-15 04:48:00+00:00,1416.0550109863282,1416.1160034179688
64,2025-05-15 04:49:00+00:00,1415.0,1416.5,1415.0,1416.4000244140625,19365,2025-05-15 04:49:00+00:00,1415.955010986328,1416.0600024414061
65,2025-05-15 04:50:00+00:00,1414.800048828125,1415.5,1414.4000244140625,1415.5,19356,2025-05-15 04:50:00+00:00,1415.8500122070313,1416.0060034179687
66,2025-05-15 04:51:00+00:00,1415.4000244140625,1416.0999755859375,1414.5999755859375,1414.800048828125,27669,2025-05-15 04:51:00+00:00,1415.6900146484375,1415.9480029296874
67,2025-05-15 04:52:00+00:00,1415.699951171875,1416.0,1415.0,1415.0,10854,2025-05-15 04:52:00+00:00,1415.6300109863282,1415.8940014648438
68,2025-05-15 04:53:00+00:00,1416.800048828125,1416.800048828125,1415.0999755859375,1415.699951171875,12786,2025-05-15 04:53:00+00:00,1415.6400146484375,1415.8680029296875
69,2025-05-15 04:54:00+00:00,1416.0999755859375,1417.4000244140625,1415.699951171875,1417.0,8115,2025-05-15 04:54:00+00:00,1415.6600158691406,1415.8500024414063
70,2025-05-15 04:55:00+00:00,1415.300048828125,1416.300048828125,1415.0,1416.0999755859375,22922,2025-05-15 04:55:00+00:00,1415.700018310547,1415.8280029296875
71,2025-05-15 04:56:00+00:00,1415.9000244140625,1416.199951171875,1414.5999755859375,1415.4000244140625,11161,2025-05-15 04:56:00+00:00,1415.7800170898438,1415.8060034179687
72,2025-05-15 04:57:00+00:00,1416.5,1416.5,1415.800048828125,1415.9000244140625,6714,2025-05-15 04:57:00+00:00,1415.8900146484375,1415.7980029296875
73,2025-05-15 04:58:00+00:00,1415.800048828125,1416.4000244140625,1415.800048828125,1416.0999755859375,4502,2025-05-15 04:58:00+00:00,1415.9600158691405,1415.7900048828126
74,2025-05-15 04:59:00+00:00,1416.4000244140625,1416.800048828125,1415.5999755859375,1415.9000244140625,8572,2025-05-15 04:59:00+00:00,1416.0400146484376,1415.806005859375
75,2025-05-15 05:00:00+00:00,1416.9000244140625,1416.9000244140625,1415.5999755859375,1415.699951171875,8143,2025-05-15 05:00:00+00:00,1416.1350158691407,1415.8380053710937
76,2025-05-15 05:01:00+00:00,1418.0,1418.0,1416.0999755859375,1416.9000244140625,21726,2025-05-15 05:01:00+00:00,1416.2600158691407,1415.8920043945313
77,2025-05-15 05:02:00+00:00,1418.0,1419.5,1417.699951171875,1418.0999755859375,36644,2025-05-15 05:02:00+00:00,1416.3550170898438,1415.9460034179688
78,2025-05-15 05:03:00+00:00,1418.300048828125,1418.5,1417.4000244140625,1418.0,14835,2025-05-15 05:03:00+00:00,1416.450018310547,1416.0000048828124
79,2025-05-15 05:04:00+00:00,1420.0,1420.0,1418.5,1418.5,32040,2025-05-15 05:04:00+00:00,1416.6600158691406,1416.08400390625
80,2025-05-15 05:05:00+00:00,1419.800048828125,1421.0,1419.5,1419.699951171875,39405,2025-05-15 05:05:00+00:00,1416.8100158691407,1416.206005859375
81,2025-05-15 05:06:00+00:00,1421.0999755859375,1422.0,1420.0,1420.5,41402,2025-05-15 05:06:00+00:00,1416.9850158691406,1416.3480053710937
82,2025-05-15 05:07:00+00:00,1422.199951171875,1423.0999755859375,1421.199951171875,1421.5999755859375,21940,2025-05-15 05:07:00+00:00,1417.2200134277343,1416.4720043945313
83,2025-05-15 05:08:00+00:00,1422.800048828125,1423.0,1421.5999755859375,1422.5,17035,2025-05-15 05:08:00+00:00,1417.5400146484376,1416.6140063476562
84,2025-05-15 05:09:00+00:00,1428.0,1428.199951171875,1422.0999755859375,1422.5999755859375,109852,2025-05-15 05:09:00+00:00,1418.1900146484375,1416.8620068359376
85,2025-05-15 05:10:00+00:00,1429.0999755859375,1432.300048828125,1428.0999755859375,1428.5999755859375,211289,2025-05-15 05:10:00+00:00,1418.905010986328,1417.1600073242187
86,2025-05-15 05:11:00+00:00,1429.5999755859375,1431.0,1429.0,1429.0999755859375,99202,2025-05-15 05:11:00+00:00,1419.615008544922,1417.4380078125
87,2025-05-15 05:12:00+00:00,1429.9000244140625,1430.300048828125,1428.199951171875,1429.9000244140625,56195,2025-05-15 05:12:00+00:00,1420.3250122070312,1417.7080078125
88,2025-05-15 05:13:00+00:00,1430.4000244140625,1430.9000244140625,1429.4000244140625,1429.699951171875,52420,2025-05-15 05:13:00+00:00,1421.0050109863282,1417.9920092773436
89,2025-05-15 05:14:00+00:00,1429.9000244140625,1431.0999755859375,1429.4000244140625,1430.5,35086,2025-05-15 05:14:00+00:00,1421.6950134277345,1418.2680102539061
90,2025-05-15 05:15:00+00:00,1428.800048828125,1430.0,1427.800048828125,1429.9000244140625,38552,2025-05-15 05:15:00+00:00,1422.3700134277344,1418.5140112304687
91,2025-05-15 05:16:00+00:00,1429.4000244140625,1430.0,1428.0999755859375,1428.9000244140625,52186,2025-05-15 05:16:00+00:00,1423.0450134277344,1418.7700122070312
92,2025-05-15 05:17:00+00:00,1427.9000244140625,1429.300048828125,1427.300048828125,1429.300048828125,20762,2025-05-15 05:17:00+00:00,1423.6150146484374,1419.00201171875
93,2025-05-15 05:18:00+00:00,1428.9000244140625,1429.0,1427.0,1427.9000244140625,22291,2025-05-15 05:18:00+00:00,1424.2700134277343,1419.2760131835937
94,2025-05-15 05:19:00+00:00,1428.800048828125,1429.5,1428.0999755859375,1428.5,7987,2025-05-15 05:19:00+00:00,1424.8900146484375,1419.5120141601562
95,2025-05-15 05:20:00+00:00,1428.0,1429.9000244140625,1427.800048828125,1428.800048828125,20630,2025-05-15 05:20:00+00:00,1425.4450134277345,1419.734013671875
96,2025-05-15 05:21:00+00:00,1428.4000244140625,1428.5,1427.5999755859375,1428.0999755859375,28762,2025-05-15 05:21:00+00:00,1425.9650146484375,1419.9300146484375
97,2025-05-15 05:22:00+00:00,1427.300048828125,1428.5999755859375,1427.0,1428.4000244140625,6062,2025-05-15 05:22:00+00:00,1426.4300170898437,1420.1380151367186
98,2025-05-15 05:23:00+00:00,1427.0,1427.300048828125,1426.699951171875,1427.199951171875,7142,2025-05-15 05:23:00+00:00,1426.8650146484374,1420.346015625
99,2025-05-15 05:24:00+00:00,1427.300048828125,1427.5,1426.800048828125,1427.0,6002,2025-05-15 05:24:00+00:00,1427.2300170898438,1420.578017578125
100,2025-05-15 05:25:00+00:00,1427.300048828125,1427.300048828125,1427.0999755859375,1427.300048828125,6364,2025-05-15 05:25:00+00:00,1427.6050170898438,1420.8340185546874
101,2025-05-15 05:26:00+00:00,1427.699951171875,1428.0,1427.199951171875,1427.199951171875,10221,2025-05-15 05:26:00+00:00,1427.9350158691407,1421.1020166015626
102,2025-05-15 05:27:00+00:00,1427.5,1428.0,1427.300048828125,1427.699951171875,5144,2025-05-15 05:27:00+00:00,1428.200018310547,1421.366015625
103,2025-05-15 05:28:00+00:00,1430.0,1430.0,1427.9000244140625,1427.9000244140625,32573,2025-05-15 05:28:00+00:00,1428.5600158691407,1421.6780151367188
104,2025-05-15 05:29:00+00:00,1431.0,1431.4000244140625,1430.0,1430.0,36655,2025-05-15 05:29:00+00:00,1428.7100158691405,1422.0020141601562
105,2025-05-15 05:30:00+00:00,1429.9000244140625,1431.199951171875,1429.300048828125,1431.0999755859375,20175,2025-05-15 05:30:00+00:00,1428.750018310547,1422.3000146484376
106,2025-05-15 05:31:00+00:00,1429.0,1430.4000244140625,1429.0,1430.0,13388,2025-05-15 05:31:00+00:00,1428.72001953125,1422.5700146484376
107,2025-05-15 05:32:00+00:00,1428.5,1429.4000244140625,1428.0,1429.0999755859375,12660,2025-05-15 05:32:00+00:00,1428.6500183105468,1422.8180151367187
108,2025-05-15 05:33:00+00:00,1427.9000244140625,1428.5,1427.699951171875,1428.0999755859375,11976,2025-05-15 05:33:00+00:00,1428.5250183105468,1423.0480151367187
109,2025-05-15 05:34:00+00:00,1426.800048828125,1427.9000244140625,1426.800048828125,1427.9000244140625,9852,2025-05-15 05:34:00+00:00,1428.37001953125,1423.2680151367188
110,2025-05-15 05:35:00+00:00,1426.699951171875,1426.9000244140625,1426.4000244140625,1426.9000244140625,7276,2025-05-15 05:35:00+00:00,1428.2650146484375,1423.4660131835938
111,2025-05-15 05:36:00+00:00,1427.699951171875,1427.9000244140625,1426.4000244140625,1426.800048828125,7670,2025-05-15 05:36:00+00:00,1428.1800109863282,1423.6680126953124
112,2025-05-15 05:37:00+00:00,1427.300048828125,1427.800048828125,1427.199951171875,1427.800048828125,6483,2025-05-15 05:37:00+00:00,1428.1500122070313,1423.864013671875
113,2025-05-15 05:38:00+00:00,1424.9000244140625,1427.300048828125,1424.9000244140625,1427.300048828125,36244,2025-05-15 05:38:00+00:00,1427.9500122070312,1424.034013671875
114,2025-05-15 05:39:00+00:00,1425.0,1425.800048828125,1424.0,1424.4000244140625,13337,2025-05-15 05:39:00+00:00,1427.760009765625,1424.234013671875
115,2025-05-15 05:40:00+00:00,1424.199951171875,1425.0999755859375,1423.0999755859375,1425.0999755859375,23007,2025-05-15 05:40:00+00:00,1427.5700073242188,1424.42201171875
116,2025-05-15 05:41:00+00:00,1423.5999755859375,1424.0,1422.0,1423.9000244140625,53132,2025-05-15 05:41:00+00:00,1427.3300048828125,1424.5860107421875
117,2025-05-15 05:42:00+00:00,1425.0,1425.9000244140625,1423.4000244140625,1423.800048828125,53954,2025-05-15 05:42:00+00:00,1427.2150024414063,1424.77201171875
118,2025-05-15 05:43:00+00:00,1422.199951171875,1425.199951171875,1422.0999755859375,1425.0999755859375,138630,2025-05-15 05:43:00+00:00,1426.975,1424.880009765625
119,2025-05-15 05:44:00+00:00,1423.0999755859375,1423.300048828125,1422.0,1422.199951171875,33672,2025-05-15 05:44:00+00:00,1426.7649963378906,1425.020009765625
120,2025-05-15 05:45:00+00:00,1423.9000244140625,1423.9000244140625,1422.0999755859375,1423.0999755859375,35528,2025-05-15 05:45:00+00:00,1426.5949951171874,1425.1920092773437
121,2025-05-15 05:46:00+00:00,1424.9000244140625,1425.0,1422.5,1423.800048828125,32371,2025-05-15 05:46:00+00:00,1426.4549987792968,1425.3720092773438
122,2025-05-15 05:47:00+00:00,1426.0,1426.0,1424.199951171875,1424.800048828125,22989,2025-05-15 05:47:00+00:00,1426.3799987792968,1425.5620092773438
123,2025-05-15 05:48:00+00:00,1426.199951171875,1427.0,1425.0999755859375,1426.0,10867,2025-05-15 05:48:00+00:00,1426.1899963378905,1425.7700073242188
124,2025-05-15 05:49:00+00:00,1424.300048828125,1426.5999755859375,1424.300048828125,1426.199951171875,11548,2025-05-15 05:49:00+00:00,1425.854998779297,1425.9280078125
125,2025-05-15 05:50:00+00:00,1424.0999755859375,1425.0,1424.0,1424.9000244140625,6038,2025-05-15 05:50:00+00:00,1425.5649963378905,1426.0720068359376
126,2025-05-15 05:51:00+00:00,1422.5999755859375,1424.5,1422.4000244140625,1424.0,10076,2025-05-15 05:51:00+00:00,1425.2449951171875,1426.1640063476561
127,2025-05-15 05:52:00+00:00,1422.0,1422.5,1420.5999755859375,1422.5,33594,2025-05-15 05:52:00+00:00,1424.9199951171875,1426.2440063476563
128,2025-05-15 05:53:00+00:00,1421.0,1422.5,1421.0,1422.199951171875,15838,2025-05-15 05:53:00+00:00,1424.5749938964843,1426.2980053710937
129,2025-05-15 05:54:00+00:00,1421.300048828125,1422.0,1421.0,1421.0,11937,2025-05-15 05:54:00+00:00,1424.2999938964845,1426.3240063476562
130,2025-05-15 05:55:00+00:00,1422.5,1422.5,1421.199951171875,1421.300048828125,9790,2025-05-15 05:55:00+00:00,1424.0899963378906,1426.3780053710936
131,2025-05-15 05:56:00+00:00,1424.0,1424.0,1422.300048828125,1422.4000244140625,5934,2025-05-15 05:56:00+00:00,1423.9049987792969,1426.436005859375
132,2025-05-15 05:57:00+00:00,1424.300048828125,1424.9000244140625,1423.5,1424.0,9167,2025-05-15 05:57:00+00:00,1423.7549987792968,1426.4780078125
133,2025-05-15 05:58:00+00:00,1424.5,1424.5,1423.699951171875,1424.300048828125,6691,2025-05-15 05:58:00+00:00,1423.7349975585937,1426.5120068359374
134,2025-05-15 05:59:00+00:00,1423.699951171875,1425.0,1423.300048828125,1424.5999755859375,7680,2025-05-15 05:59:00+00:00,1423.6699951171875,1426.426005859375
135,2025-05-15 06:00:00+00:00,1423.0,1423.699951171875,1422.199951171875,1423.4000244140625,9645,2025-05-15 06:00:00+00:00,1423.6099975585937,1426.3040063476562
136,2025-05-15 06:01:00+00:00,1421.9000244140625,1422.800048828125,1421.5999755859375,1422.800048828125,10547,2025-05-15 06:01:00+00:00,1423.525,1426.1500073242187
137,2025-05-15 06:02:00+00:00,1421.699951171875,1421.800048828125,1421.0,1421.699951171875,13932,2025-05-15 06:02:00+00:00,1423.3599975585937,1425.986005859375
138,2025-05-15 06:03:00+00:00,1422.699951171875,1422.699951171875,1421.199951171875,1421.9000244140625,8239,2025-05-15 06:03:00+00:00,1423.3849975585938,1425.8320043945312
139,2025-05-15 06:04:00+00:00,1421.300048828125,1422.699951171875,1421.0,1422.4000244140625,10766,2025-05-15 06:04:00+00:00,1423.2950012207032,1425.6600048828125
140,2025-05-15 06:05:00+00:00,1421.5999755859375,1422.300048828125,1421.0,1421.4000244140625,8773,2025-05-15 06:05:00+00:00,1423.179998779297,1425.5160034179687
141,2025-05-15 06:06:00+00:00,1421.699951171875,1422.199951171875,1420.199951171875,1421.5999755859375,42882,2025-05-15 06:06:00+00:00,1423.0199951171876,1425.362001953125
142,2025-05-15 06:07:00+00:00,1422.300048828125,1422.300048828125,1420.699951171875,1421.699951171875,31715,2025-05-15 06:07:00+00:00,1422.8349975585938,1425.2500024414062
143,2025-05-15 06:08:00+00:00,1421.699951171875,1422.5999755859375,1421.0999755859375,1422.300048828125,7258,2025-05-15 06:08:00+00:00,1422.6099975585937,1425.1060009765624
144,2025-05-15 06:09:00+00:00,1422.0,1422.0,1421.199951171875,1421.699951171875,6248,2025-05-15 06:09:00+00:00,1422.4949951171875,1424.97
145,2025-05-15 06:10:00+00:00,1421.699951171875,1422.300048828125,1421.0999755859375,1421.800048828125,9999,2025-05-15 06:10:00+00:00,1422.3749938964843,1424.8439990234374
146,2025-05-15 06:11:00+00:00,1423.4000244140625,1423.4000244140625,1421.199951171875,1421.699951171875,35912,2025-05-15 06:11:00+00:00,1422.4149963378907,1424.7439990234375
147,2025-05-15 06:12:00+00:00,1423.800048828125,1423.9000244140625,1422.0999755859375,1423.199951171875,38793,2025-05-15 06:12:00+00:00,1422.5049987792968,1424.6739990234375
148,2025-05-15 06:13:00+00:00,1423.300048828125,1423.800048828125,1422.699951171875,1423.800048828125,23154,2025-05-15 06:13:00+00:00,1422.6200012207032,1424.6
149,2025-05-15 06:14:00+00:00,1423.5,1423.5,1422.5,1423.300048828125,6935,2025-05-15 06:14:00+00:00,1422.729998779297,1424.5239990234375
150,2025-05-15 06:15:00+00:00,1425.0,1425.0,1423.300048828125,1424.0,31436,2025-05-15 06:15:00+00:00,1422.854998779297,1424.477998046875
151,2025-05-15 06:16:00+00:00,1424.800048828125,1426.0,1424.199951171875,1424.5,16268,2025-05-15 06:16:00+00:00,1422.895001220703,1424.42
152,2025-05-15 06:17:00+00:00,1423.5,1425.0999755859375,1423.5,1424.800048828125,9683,2025-05-15 06:17:00+00:00,1422.854998779297,1424.34
153,2025-05-15 06:18:00+00:00,1424.300048828125,1424.300048828125,1423.199951171875,1424.0,7925,2025-05-15 06:18:00+00:00,1422.8450012207031,1424.2260009765625
154,2025-05-15 06:19:00+00:00,1423.0,1424.300048828125,1423.0,1424.300048828125,7427,2025-05-15 06:19:00+00:00,1422.8100036621095,1424.0660009765625
155,2025-05-15 06:20:00+00:00,1422.5,1423.0,1421.5999755859375,1422.699951171875,13900,2025-05-15 06:20:00+00:00,1422.7850036621094,1423.9180004882812
156,2025-05-15 06:21:00+00:00,1422.0,1422.800048828125,1421.0999755859375,1422.800048828125,10658,2025-05-15 06:21:00+00:00,1422.7900024414062,1423.7780004882814
157,2025-05-15 06:22:00+00:00,1421.5999755859375,1422.0,1421.300048828125,1422.0,6999,2025-05-15 06:22:00+00:00,1422.7850036621094,1423.64
158,2025-05-15 06:23:00+00:00,1421.5999755859375,1422.199951171875,1421.0,1421.5999755859375,10513,2025-05-15 06:23:00+00:00,1422.7300048828124,1423.5139990234375
159,2025-05-15 06:24:00+00:00,1421.800048828125,1422.300048828125,1421.300048828125,1421.5999755859375,9429,2025-05-15 06:24:00+00:00,1422.7550048828125,1423.4139990234376
160,2025-05-15 06:25:00+00:00,1422.9000244140625,1422.9000244140625,1421.800048828125,1421.800048828125,24297,2025-05-15 06:25:00+00:00,1422.8200073242188,1423.3380004882813
161,2025-05-15 06:26:00+00:00,1421.800048828125,1423.0,1421.4000244140625,1422.800048828125,43726,2025-05-15 06:26:00+00:00,1422.8250122070312,1423.2200024414062
162,2025-05-15 06:27:00+00:00,1421.4000244140625,1423.300048828125,1421.4000244140625,1421.800048828125,28719,2025-05-15 06:27:00+00:00,1422.780010986328,1423.102001953125
163,2025-05-15 06:28:00+00:00,1422.5,1422.5999755859375,1421.4000244140625,1421.9000244140625,9807,2025-05-15 06:28:00+00:00,1422.8200134277345,1423.0540014648439
164,2025-05-15 06:29:00+00:00,1421.300048828125,1423.0,1421.300048828125,1422.5,13260,2025-05-15 06:29:00+00:00,1422.7850158691406,1422.9800024414062
165,2025-05-15 06:30:00+00:00,1421.5,1422.0999755859375,1421.0,1421.4000244140625,10762,2025-05-15 06:30:00+00:00,1422.7750183105468,1422.9260034179688
166,2025-05-15 06:31:00+00:00,1421.5999755859375,1421.9000244140625,1421.0,1421.4000244140625,8388,2025-05-15 06:31:00+00:00,1422.6850158691407,1422.8860034179688
167,2025-05-15 06:32:00+00:00,1421.5,1421.9000244140625,1421.4000244140625,1421.5999755859375,9543,2025-05-15 06:32:00+00:00,1422.5700134277345,1422.8160034179687
168,2025-05-15 06:33:00+00:00,1421.9000244140625,1422.5,1421.0999755859375,1421.5,12256,2025-05-15 06:33:00+00:00,1422.5000122070312,1422.8100048828126
169,2025-05-15 06:34:00+00:00,1422.300048828125,1422.800048828125,1421.800048828125,1421.9000244140625,6692,2025-05-15 06:34:00+00:00,1422.4400146484375,1422.7940063476562
170,2025-05-15 06:35:00+00:00,1422.4000244140625,1422.5,1421.9000244140625,1422.300048828125,8706,2025-05-15 06:35:00+00:00,1422.3100158691407,1422.7640063476563
171,2025-05-15 06:36:00+00:00,1422.699951171875,1423.0,1422.0,1422.199951171875,9858,2025-05-15 06:36:00+00:00,1422.205010986328,1422.7200048828124
172,2025-05-15 06:37:00+00:00,1424.9000244140625,1425.0,1422.0999755859375,1422.5,38251,2025-05-15 06:37:00+00:00,1422.2750122070313,1422.6980053710938
173,2025-05-15 06:38:00+00:00,1426.4000244140625,1426.800048828125,1424.9000244140625,1424.9000244140625,32092,2025-05-15 06:38:00+00:00,1422.3800109863282,1422.7020068359375
174,2025-05-15 06:39:00+00:00,1426.800048828125,1427.4000244140625,1426.300048828125,1426.4000244140625,17304,2025-05-15 06:39:00+00:00,1422.5700134277345,1422.7520068359374
175,2025-05-15 06:40:00+00:00,1424.300048828125,1426.800048828125,1424.199951171875,1426.800048828125,19005,2025-05-15 06:40:00+00:00,1422.6600158691406,1422.7560083007813
176,2025-05-15 06:41:00+00:00,1423.0999755859375,1425.0,1423.0999755859375,1424.300048828125,13251,2025-05-15 06:41:00+00:00,1422.7150146484375,1422.7660083007813
177,2025-05-15 06:42:00+00:00,1423.4000244140625,1423.699951171875,1422.699951171875,1423.0,5519,2025-05-15 06:42:00+00:00,1422.8050170898437,1422.7940087890624
178,2025-05-15 06:43:00+00:00,1422.4000244140625,1423.699951171875,1422.0999755859375,1423.4000244140625,8285,2025-05-15 06:43:00+00:00,1422.84501953125,1422.8220092773438
179,2025-05-15 06:44:00+00:00,1423.0,1423.699951171875,1422.699951171875,1423.0,4152,2025-05-15 06:44:00+00:00,1422.9050170898438,1422.8560083007812
180,2025-05-15 06:45:00+00:00,1426.300048828125,1426.5,1423.0999755859375,1423.0999755859375,18265,2025-05-15 06:45:00+00:00,1423.075018310547,1422.9320092773437
181,2025-05-15 06:46:00+00:00,1427.5,1427.9000244140625,1426.0,1426.5999755859375,36578,2025-05-15 06:46:00+00:00,1423.3600158691406,1423.0020092773439
182,2025-05-15 06:47:00+00:00,1427.4000244140625,1428.9000244140625,1427.199951171875,1428.0,33353,2025-05-15 06:47:00+00:00,1423.6600158691406,1423.0640087890624
183,2025-05-15 06:48:00+00:00,1427.9000244140625,1428.300048828125,1427.0999755859375,1427.4000244140625,13316,2025-05-15 06:48:00+00:00,1423.9300170898437,1423.1320092773437
184,2025-05-15 06:49:00+00:00,1426.199951171875,1428.0,1426.0,1427.800048828125,8116,2025-05-15 06:49:00+00:00,1424.1750122070312,1423.1820092773437
185,2025-05-15 06:50:00+00:00,1423.300048828125,1426.199951171875,1423.300048828125,1426.199951171875,8427,2025-05-15 06:50:00+00:00,1424.2650146484375,1423.1880102539062
186,2025-05-15 06:51:00+00:00,1424.300048828125,1424.699951171875,1423.4000244140625,1423.5999755859375,8453,2025-05-15 06:51:00+00:00,1424.4000183105468,1423.2360107421875
187,2025-05-15 06:52:00+00:00,1424.699951171875,1424.800048828125,1424.0999755859375,1424.4000244140625,4947,2025-05-15 06:52:00+00:00,1424.5600158691407,1423.2960107421875
188,2025-05-15 06:53:00+00:00,1422.5999755859375,1424.800048828125,1422.5999755859375,1424.699951171875,22191,2025-05-15 06:53:00+00:00,1424.5950134277343,1423.2940112304686
189,2025-05-15 06:54:00+00:00,1423.199951171875,1423.199951171875,1422.0,1422.5999755859375,12614,2025-05-15 06:54:00+00:00,1424.6400085449218,1423.3320092773438
190,2025-05-15 06:55:00+00:00,1422.300048828125,1423.199951171875,1422.199951171875,1423.0999755859375,6809,2025-05-15 06:55:00+00:00,1424.635009765625,1423.3460107421874
191,2025-05-15 06:56:00+00:00,1422.800048828125,1423.300048828125,1422.0999755859375,1422.4000244140625,25852,2025-05-15 06:56:00+00:00,1424.6400146484375,1423.3680126953125
192,2025-05-15 06:57:00+00:00,1423.0,1423.5999755859375,1422.699951171875,1422.800048828125,16874,2025-05-15 06:57:00+00:00,1424.5450134277344,1423.38201171875
193,2025-05-15 06:58:00+00:00,1422.199951171875,1423.199951171875,1422.0,1423.0,16622,2025-05-15 06:58:00+00:00,1424.335009765625,1423.39201171875
194,2025-05-15 06:59:00+00:00,1422.199951171875,1422.699951171875,1421.800048828125,1422.199951171875,10088,2025-05-15 06:59:00+00:00,1424.1050048828124,1423.3960107421874
195,2025-05-15 07:00:00+00:00,1422.0999755859375,1422.0999755859375,1421.5999755859375,1422.0,12477,2025-05-15 07:00:00+00:00,1423.9950012207032,1423.4040112304688
196,2025-05-15 07:01:00+00:00,1421.5999755859375,1422.699951171875,1420.5999755859375,1422.0999755859375,45624,2025-05-15 07:01:00+00:00,1423.9200012207032,1423.3680102539063
197,2025-05-15 07:02:00+00:00,1421.5999755859375,1421.800048828125,1420.9000244140625,1421.699951171875,38296,2025-05-15 07:02:00+00:00,1423.8299987792968,1423.3240087890624
198,2025-05-15 07:03:00+00:00,1421.699951171875,1423.0,1421.5999755859375,1421.9000244140625,12916,2025-05-15 07:03:00+00:00,1423.7949951171875,1423.2920068359374
199,2025-05-15 07:04:00+00:00,1422.0999755859375,1422.5999755859375,1421.0999755859375,1421.5999755859375,10042,2025-05-15 07:04:00+00:00,1423.7499938964843,1423.2640063476563
200,2025-05-15 07:05:00+00:00,1421.4000244140625,1422.0999755859375,1421.0,1422.0999755859375,12606,2025-05-15 07:05:00+00:00,1423.5049926757813,1423.1920068359375
201,2025-05-15 07:06:00+00:00,1423.300048828125,1423.699951171875,1421.5999755859375,1421.5999755859375,5575,2025-05-15 07:06:00+00:00,1423.2949951171875,1423.1620068359375
202,2025-05-15 07:07:00+00:00,1425.199951171875,1425.199951171875,1422.800048828125,1423.0,37491,2025-05-15 07:07:00+00:00,1423.184991455078,1423.196005859375
203,2025-05-15 07:08:00+00:00,1423.5999755859375,1425.5999755859375,1423.5,1425.0999755859375,33548,2025-05-15 07:08:00+00:00,1422.969989013672,1423.1820043945313
204,2025-05-15 07:09:00+00:00,1423.5999755859375,1424.5999755859375,1423.5999755859375,1423.5999755859375,9032,2025-05-15 07:09:00+00:00,1422.839990234375,1423.19400390625
205,2025-05-15 07:10:00+00:00,1422.800048828125,1423.800048828125,1422.800048828125,1423.5999755859375,8899,2025-05-15 07:10:00+00:00,1422.814990234375,1423.2000048828124
206,2025-05-15 07:11:00+00:00,1423.0,1424.0,1422.9000244140625,1423.199951171875,5965,2025-05-15 07:11:00+00:00,1422.7499877929688,1423.2200048828124
207,2025-05-15 07:12:00+00:00,1422.0999755859375,1423.300048828125,1421.9000244140625,1423.0,11349,2025-05-15 07:12:00+00:00,1422.6199890136718,1423.2300048828124
208,2025-05-15 07:13:00+00:00,1421.4000244140625,1422.5,1421.0,1422.0999755859375,16120,2025-05-15 07:13:00+00:00,1422.559991455078,1423.226005859375
209,2025-05-15 07:14:00+00:00,1421.0999755859375,1421.5,1420.5,1421.5,28941,2025-05-15 07:14:00+00:00,1422.4549926757813,1423.2120043945313
210,2025-05-15 07:15:00+00:00,1421.300048828125,1421.699951171875,1420.699951171875,1421.0999755859375,6892,2025-05-15 07:15:00+00:00,1422.4049926757812,1423.1800048828125
211,2025-05-15 07:16:00+00:00,1420.9000244140625,1421.5999755859375,1420.9000244140625,1420.9000244140625,9655,2025-05-15 07:16:00+00:00,1422.309991455078,1423.1620043945313
212,2025-05-15 07:17:00+00:00,1420.699951171875,1421.5,1420.5,1421.4000244140625,15659,2025-05-15 07:17:00+00:00,1422.1949890136718,1423.1480029296874
213,2025-05-15 07:18:00+00:00,1420.0999755859375,1421.199951171875,1420.0999755859375,1421.199951171875,14570,2025-05-15 07:18:00+00:00,1422.089990234375,1423.1000024414063
214,2025-05-15 07:19:00+00:00,1420.699951171875,1421.0,1420.0999755859375,1420.4000244140625,12238,2025-05-15 07:19:00+00:00,1422.014990234375,1423.0880004882813
215,2025-05-15 07:20:00+00:00,1420.699951171875,1421.300048828125,1420.0999755859375,1420.699951171875,32936,2025-05-15 07:20:00+00:00,1421.9449890136718,1423.0719995117188
216,2025-05-15 07:21:00+00:00,1421.4000244140625,1421.800048828125,1420.699951171875,1420.699951171875,10272,2025-05-15 07:21:00+00:00,1421.934991455078,1423.0680004882813
217,2025-05-15 07:22:00+00:00,1422.0,1422.0,1421.0999755859375,1421.9000244140625,7525,2025-05-15 07:22:00+00:00,1421.9549926757813,1423.0780004882813
218,2025-05-15 07:23:00+00:00,1422.0999755859375,1422.0999755859375,1421.5999755859375,1421.5999755859375,9222,2025-05-15 07:23:00+00:00,1421.9749938964844,1423.0819995117188
219,2025-05-15 07:24:00+00:00,1421.699951171875,1422.199951171875,1421.199951171875,1422.199951171875,18412,2025-05-15 07:24:00+00:00,1421.9549926757813,1423.0699975585937
220,2025-05-15 07:25:00+00:00,1422.0999755859375,1422.300048828125,1421.5,1421.800048828125,10742,2025-05-15 07:25:00+00:00,1421.989990234375,1423.0639965820312
221,2025-05-15 07:26:00+00:00,1422.800048828125,1423.0,1421.800048828125,1422.0999755859375,28966,2025-05-15 07:26:00+00:00,1421.964990234375,1423.0659985351563
222,2025-05-15 07:27:00+00:00,1421.5999755859375,1422.5999755859375,1421.5,1422.5,21083,2025-05-15 07:27:00+00:00,1421.7849914550782,1422.9999975585938
223,2025-05-15 07:28:00+00:00,1422.0,1422.0999755859375,1421.5999755859375,1421.5999755859375,7388,2025-05-15 07:28:00+00:00,1421.7049926757813,1422.9119970703125
224,2025-05-15 07:29:00+00:00,1421.800048828125,1422.0999755859375,1421.5999755859375,1422.0,7596,2025-05-15 07:29:00+00:00,1421.6149963378907,1422.8119970703126
225,2025-05-15 07:30:00+00:00,1425.0,1426.0,1421.800048828125,1422.0,123896,2025-05-15 07:30:00+00:00,1421.7249938964844,1422.82599609375
226,2025-05-15 07:31:00+00:00,1423.5,1426.800048828125,1423.0,1425.0,99585,2025-05-15 07:31:00+00:00,1421.7499938964843,1422.8339965820312
227,2025-05-15 07:32:00+00:00,1423.5,1423.9000244140625,1423.0,1423.5,37084,2025-05-15 07:32:00+00:00,1421.8199951171875,1422.83599609375
228,2025-05-15 07:33:00+00:00,1425.4000244140625,1425.5,1423.0,1423.5,96454,2025-05-15 07:33:00+00:00,1422.0199951171876,1422.89599609375
229,2025-05-15 07:34:00+00:00,1424.699951171875,1425.5,1424.199951171875,1425.5,24638,2025-05-15 07:34:00+00:00,1422.1999938964843,1422.9299951171874
230,2025-05-15 07:35:00+00:00,1425.5,1425.5,1424.5999755859375,1424.699951171875,60017,2025-05-15 07:35:00+00:00,1422.4099914550782,1422.913994140625
231,2025-05-15 07:36:00+00:00,1427.0,1428.0999755859375,1425.5,1425.5,155198,2025-05-15 07:36:00+00:00,1422.714990234375,1422.903994140625
232,2025-05-15 07:37:00+00:00,1429.5999755859375,1430.699951171875,1427.0,1427.0,139163,2025-05-15 07:37:00+00:00,1423.1599914550782,1422.9479931640626
233,2025-05-15 07:38:00+00:00,1432.5999755859375,1433.199951171875,1429.5999755859375,1429.5999755859375,206266,2025-05-15 07:38:00+00:00,1423.7849914550782,1423.0419921875
234,2025-05-15 07:39:00+00:00,1431.0,1434.0,1430.300048828125,1432.9000244140625,92141,2025-05-15 07:39:00+00:00,1424.2999938964845,1423.1379931640624
235,2025-05-15 07:40:00+00:00,1432.800048828125,1433.5999755859375,1431.199951171875,1431.199951171875,68531,2025-05-15 07:40:00+00:00,1424.9049987792969,1423.3279931640625
236,2025-05-15 07:41:00+00:00,1433.4000244140625,1434.0999755859375,1432.5999755859375,1432.800048828125,86156,2025-05-15 07:41:00+00:00,1425.5049987792968,1423.5099926757812
237,2025-05-15 07:42:00+00:00,1433.699951171875,1433.800048828125,1432.699951171875,1433.4000244140625,37526,2025-05-15 07:42:00+00:00,1426.0899963378906,1423.6899926757812
238,2025-05-15 07:43:00+00:00,1434.800048828125,1435.0,1434.0,1434.0,81075,2025-05-15 07:43:00+00:00,1426.725,1423.933994140625
239,2025-05-15 07:44:00+00:00,1437.4000244140625,1437.800048828125,1434.699951171875,1435.0,146730,2025-05-15 07:44:00+00:00,1427.5100036621093,1424.2179956054688
240,2025-05-15 07:45:00+00:00,1439.4000244140625,1439.800048828125,1437.4000244140625,1437.4000244140625,183443,2025-05-15 07:45:00+00:00,1428.3750061035157,1424.5599951171876
241,2025-05-15 07:46:00+00:00,1437.0999755859375,1440.0,1437.0999755859375,1439.5999755859375,77304,2025-05-15 07:46:00+00:00,1429.0900024414063,1424.8459936523439
242,2025-05-15 07:47:00+00:00,1438.199951171875,1438.4000244140625,1435.800048828125,1437.4000244140625,52967,2025-05-15 07:47:00+00:00,1429.9200012207032,1425.1499926757813
243,2025-05-15 07:48:00+00:00,1436.4000244140625,1438.0999755859375,1436.4000244140625,1437.800048828125,61257,2025-05-15 07:48:00+00:00,1430.6400024414063,1425.433994140625
244,2025-05-15 07:49:00+00:00,1437.699951171875,1438.4000244140625,1436.300048828125,1437.199951171875,46007,2025-05-15 07:49:00+00:00,1431.4349975585938,1425.743994140625
245,2025-05-15 07:50:00+00:00,1437.0,1438.0999755859375,1436.199951171875,1437.800048828125,31556,2025-05-15 07:50:00+00:00,1432.0349975585937,1426.0419946289062
246,2025-05-15 07:51:00+00:00,1435.699951171875,1437.4000244140625,1435.0,1437.0999755859375,35481,2025-05-15 07:51:00+00:00,1432.6449951171876,1426.323994140625
247,2025-05-15 07:52:00+00:00,1435.800048828125,1437.0,1435.5,1435.699951171875,53088,2025-05-15 07:52:00+00:00,1433.2599975585938,1426.6079956054687
248,2025-05-15 07:53:00+00:00,1436.199951171875,1437.4000244140625,1435.5,1435.9000244140625,41080,2025-05-15 07:53:00+00:00,1433.7999938964845,1426.8979956054689
249,2025-05-15 07:54:00+00:00,1437.199951171875,1437.4000244140625,1436.4000244140625,1436.4000244140625,34183,2025-05-15 07:54:00+00:00,1434.4249938964845,1427.1999951171874
250,2025-05-15 07:55:00+00:00,1436.5,1437.4000244140625,1435.800048828125,1437.0,31254,2025-05-15 07:55:00+00:00,1434.9749938964844,1427.5019946289062
251,2025-05-15 07:56:00+00:00,1437.0,1437.0,1435.5999755859375,1436.4000244140625,26280,2025-05-15 07:56:00+00:00,1435.4749938964844,1427.7759936523437
252,2025-05-15 07:57:00+00:00,1436.0,1437.4000244140625,1435.300048828125,1437.0,31637,2025-05-15 07:57:00+00:00,1435.7949951171875,1427.9919946289062
253,2025-05-15 07:58:00+00:00,1437.300048828125,1437.300048828125,1436.0,1436.0999755859375,22802,2025-05-15 07:58:00+00:00,1436.0299987792969,1428.26599609375
254,2025-05-15 07:59:00+00:00,1437.800048828125,1438.0,1436.5999755859375,1437.300048828125,59582,2025-05-15 07:59:00+00:00,1436.3700012207032,1428.5499975585938
255,2025-05-15 08:00:00+00:00,1440.5,1440.5,1437.5,1437.5,167715,2025-05-15 08:00:00+00:00,1436.7549987792968,1428.9039965820311
256,2025-05-15 08:01:00+00:00,1441.300048828125,1442.0,1440.5,1440.5,156435,2025-05-15 08:01:00+00:00,1437.15,1429.2699975585938
257,2025-05-15 08:02:00+00:00,1440.5,1442.0999755859375,1440.300048828125,1441.300048828125,93385,2025-05-15 08:02:00+00:00,1437.4900024414062,1429.637998046875
258,2025-05-15 08:03:00+00:00,1441.0,1441.4000244140625,1440.199951171875,1440.199951171875,92416,2025-05-15 08:03:00+00:00,1437.8,1430.0299975585938
259,2025-05-15 08:04:00+00:00,1441.0,1441.4000244140625,1440.199951171875,1440.699951171875,99673,2025-05-15 08:04:00+00:00,1437.979998779297,1430.427998046875
260,2025-05-15 08:05:00+00:00,1440.5,1441.4000244140625,1439.0999755859375,1441.0,65829,2025-05-15 08:05:00+00:00,1438.0349975585937,1430.8119970703126
261,2025-05-15 08:06:00+00:00,1443.5,1443.5,1440.5,1440.5,172342,2025-05-15 08:06:00+00:00,1438.354998779297,1431.2639965820313
262,2025-05-15 08:07:00+00:00,1441.5,1443.4000244140625,1441.0999755859375,1443.0999755859375,64240,2025-05-15 08:07:00+00:00,1438.520001220703,1431.6799975585936
263,2025-05-15 08:08:00+00:00,1442.0999755859375,1442.5,1441.5,1441.800048828125,62699,2025-05-15 08:08:00+00:00,1438.804998779297,1432.1199975585937
264,2025-05-15 08:09:00+00:00,1442.699951171875,1442.699951171875,1441.4000244140625,1442.0,47313,2025-05-15 08:09:00+00:00,1439.054998779297,1432.5599975585938
265,2025-05-15 08:10:00+00:00,1443.800048828125,1444.199951171875,1442.5,1442.9000244140625,107308,2025-05-15 08:10:00+00:00,1439.395001220703,1433.0219995117188
266,2025-05-15 08:11:00+00:00,1443.5999755859375,1444.0999755859375,1443.0,1443.800048828125,73266,2025-05-15 08:11:00+00:00,1439.7900024414062,1433.4659985351564
267,2025-05-15 08:12:00+00:00,1444.4000244140625,1445.5999755859375,1443.4000244140625,1443.4000244140625,323246,2025-05-15 08:12:00+00:00,1440.2200012207031,1433.9139990234376
268,2025-05-15 08:13:00+00:00,1442.699951171875,1444.199951171875,1441.9000244140625,1444.199951171875,39111,2025-05-15 08:13:00+00:00,1440.5450012207032,1434.3259985351563
269,2025-05-15 08:14:00+00:00,1443.4000244140625,1443.4000244140625,1441.4000244140625,1442.9000244140625,51248,2025-05-15 08:14:00+00:00,1440.8550048828124,1434.76
270,2025-05-15 08:15:00+00:00,1445.800048828125,1445.800048828125,1442.9000244140625,1443.4000244140625,96864,2025-05-15 08:15:00+00:00,1441.3200073242188,1435.2340014648437
271,2025-05-15 08:16:00+00:00,1446.9000244140625,1447.0,1445.800048828125,1446.0999755859375,171016,2025-05-15 08:16:00+00:00,1441.815008544922,1435.7160009765626
272,2025-05-15 08:17:00+00:00,1446.9000244140625,1447.5,1446.300048828125,1446.5999755859375,103916,2025-05-15 08:17:00+00:00,1442.360009765625,1436.222001953125
273,2025-05-15 08:18:00+00:00,1448.0,1448.300048828125,1446.9000244140625,1447.5,148101,2025-05-15 08:18:00+00:00,1442.8950073242188,1436.742001953125
274,2025-05-15 08:19:00+00:00,1447.5,1448.5,1447.300048828125,1448.300048828125,80090,2025-05-15 08:19:00+00:00,1443.3800048828125,1437.2560009765625
275,2025-05-15 08:20:00+00:00,1449.0,1449.199951171875,1447.300048828125,1447.5999755859375,146760,2025-05-15 08:20:00+00:00,1443.8050048828125,1437.7360009765625
276,2025-05-15 08:21:00+00:00,1450.0,1451.4000244140625,1449.0,1449.0,354394,2025-05-15 08:21:00+00:00,1444.2400024414062,1438.2660009765625
277,2025-05-15 08:22:00+00:00,1450.0,1451.199951171875,1449.300048828125,1450.5999755859375,91791,2025-05-15 08:22:00+00:00,1444.7150024414063,1438.7960009765625
278,2025-05-15 08:23:00+00:00,1450.5999755859375,1450.800048828125,1449.0,1450.5999755859375,104687,2025-05-15 08:23:00+00:00,1445.195001220703,1439.3
279,2025-05-15 08:24:00+00:00,1450.800048828125,1451.300048828125,1450.0,1450.800048828125,72091,2025-05-15 08:24:00+00:00,1445.6850036621095,1439.822001953125
280,2025-05-15 08:25:00+00:00,1451.5,1451.5,1449.699951171875,1450.0999755859375,69764,2025-05-15 08:25:00+00:00,1446.2350036621094,1440.342001953125
281,2025-05-15 08:26:00+00:00,1451.0999755859375,1452.0,1450.800048828125,1451.5,94493,2025-05-15 08:26:00+00:00,1446.6150024414062,1440.8240014648438
282,2025-05-15 08:27:00+00:00,1452.0,1452.199951171875,1451.0999755859375,1451.699951171875,67414,2025-05-15 08:27:00+00:00,1447.1400024414063,1441.272001953125
283,2025-05-15 08:28:00+00:00,1452.4000244140625,1452.4000244140625,1451.5999755859375,1452.0999755859375,66029,2025-05-15 08:28:00+00:00,1447.6550048828126,1441.6680029296874
284,2025-05-15 08:29:00+00:00,1452.5,1453.699951171875,1452.0,1452.199951171875,115993,2025-05-15 08:29:00+00:00,1448.1450073242188,1442.0980029296875
285,2025-05-15 08:30:00+00:00,1451.4000244140625,1453.0999755859375,1449.0,1452.5999755859375,105178,2025-05-15 08:30:00+00:00,1448.5250061035156,1442.4700024414062
286,2025-05-15 08:31:00+00:00,1452.0999755859375,1452.800048828125,1451.4000244140625,1451.9000244140625,83083,2025-05-15 08:31:00+00:00,1448.9500061035155,1442.8440014648438
287,2025-05-15 08:32:00+00:00,1452.699951171875,1453.4000244140625,1452.0,1452.199951171875,131523,2025-05-15 08:32:00+00:00,1449.3650024414062,1443.2240014648437
288,2025-05-15 08:33:00+00:00,1451.5,1452.800048828125,1451.199951171875,1452.800048828125,58790,2025-05-15 08:33:00+00:00,1449.8050048828125,1443.5580004882813
289,2025-05-15 08:34:00+00:00,1451.5999755859375,1451.800048828125,1450.800048828125,1451.5999755859375,45608,2025-05-15 08:34:00+00:00,1450.2150024414063,1443.8419995117188
290,2025-05-15 08:35:00+00:00,1450.4000244140625,1451.699951171875,1449.800048828125,1451.199951171875,113179,2025-05-15 08:35:00+00:00,1450.445001220703,1444.0619995117188
291,2025-05-15 08:36:00+00:00,1451.300048828125,1451.800048828125,1450.4000244140625,1450.5999755859375,136021,2025-05-15 08:36:00+00:00,1450.6650024414062,1444.3460009765624
292,2025-05-15 08:37:00+00:00,1452.0,1452.4000244140625,1450.4000244140625,1451.5,161819,2025-05-15 08:37:00+00:00,1450.9200012207032,1444.622001953125
293,2025-05-15 08:38:00+00:00,1451.800048828125,1452.5999755859375,1451.0999755859375,1452.0999755859375,55773,2025-05-15 08:38:00+00:00,1451.1100036621094,1444.9300024414063
294,2025-05-15 08:39:00+00:00,1452.0999755859375,1452.9000244140625,1451.300048828125,1451.9000244140625,40168,2025-05-15 08:39:00+00:00,1451.3400024414063,1445.2180029296876
295,2025-05-15 08:40:00+00:00,1453.9000244140625,1453.9000244140625,1451.9000244140625,1451.9000244140625,117689,2025-05-15 08:40:00+00:00,1451.5850036621093,1445.5560034179687
296,2025-05-15 08:41:00+00:00,1454.300048828125,1454.699951171875,1453.4000244140625,1453.5,106166,2025-05-15 08:41:00+00:00,1451.8000061035157,1445.9280053710938
297,2025-05-15 08:42:00+00:00,1454.800048828125,1455.5999755859375,1453.4000244140625,1454.300048828125,207084,2025-05-15 08:42:00+00:00,1452.0400085449219,1446.3080053710937
298,2025-05-15 08:43:00+00:00,1454.4000244140625,1454.699951171875,1453.300048828125,1454.5999755859375,73238,2025-05-15 08:43:00+00:00,1452.2300109863281,1446.6720068359375
299,2025-05-15 08:44:00+00:00,1454.0,1455.4000244140625,1454.0,1454.5999755859375,32681,2025-05-15 08:44:00+00:00,1452.3900085449218,1447.0080078125
300,2025-05-15 08:45:00+00:00,1454.9000244140625,1454.9000244140625,1453.0,1454.0,72494,2025-05-15 08:45:00+00:00,1452.560009765625,1447.3760083007812
301,2025-05-15 08:46:00+00:00,1455.5999755859375,1457.5999755859375,1454.9000244140625,1455.0,187083,2025-05-15 08:46:00+00:00,1452.785009765625,1447.7480078125
302,2025-05-15 08:47:00+00:00,1454.0999755859375,1455.800048828125,1454.0,1455.800048828125,54334,2025-05-15 08:47:00+00:00,1452.8900085449218,1448.1100073242187
303,2025-05-15 08:48:00+00:00,1452.0,1454.0999755859375,1451.800048828125,1454.0999755859375,38992,2025-05-15 08:48:00+00:00,1452.8700073242187,1448.4040063476561
304,2025-05-15 08:49:00+00:00,1454.699951171875,1454.699951171875,1452.0,1452.5,118256,2025-05-15 08:49:00+00:00,1452.9800048828124,1448.7420043945312
305,2025-05-15 08:50:00+00:00,1455.0999755859375,1455.5,1453.9000244140625,1454.5,115632,2025-05-15 08:50:00+00:00,1453.1650024414062,1449.03400390625
306,2025-05-15 08:51:00+00:00,1454.0,1455.699951171875,1453.5,1455.300048828125,120577,2025-05-15 08:51:00+00:00,1453.2600036621093,1449.2880029296875
307,2025-05-15 08:52:00+00:00,1455.0999755859375,1455.5,1453.5999755859375,1454.199951171875,61133,2025-05-15 08:52:00+00:00,1453.3800048828125,1449.5800024414064
308,2025-05-15 08:53:00+00:00,1456.0,1457.4000244140625,1454.5999755859375,1455.0999755859375,210408,2025-05-15 08:53:00+00:00,1453.6050048828124,1449.8800024414063
309,2025-05-15 08:54:00+00:00,1455.4000244140625,1457.0,1455.4000244140625,1455.9000244140625,70969,2025-05-15 08:54:00+00:00,1453.7950073242187,1450.1680029296874
310,2025-05-15 08:55:00+00:00,1457.0,1457.4000244140625,1455.0,1455.5999755859375,91065,2025-05-15 08:55:00+00:00,1454.1250061035157,1450.4980029296876
311,2025-05-15 08:56:00+00:00,1457.300048828125,1457.4000244140625,1456.800048828125,1457.0,114153,2025-05-15 08:56:00+00:00,1454.4250061035157,1450.77400390625
312,2025-05-15 08:57:00+00:00,1457.199951171875,1458.5999755859375,1457.0999755859375,1457.9000244140625,189961,2025-05-15 08:57:00+00:00,1454.6850036621095,1451.0880029296875
313,2025-05-15 08:58:00+00:00,1457.4000244140625,1458.699951171875,1456.699951171875,1457.0999755859375,87044,2025-05-15 08:58:00+00:00,1454.9650024414063,1451.39400390625
314,2025-05-15 08:59:00+00:00,1459.800048828125,1459.800048828125,1457.5,1457.800048828125,79278,2025-05-15 08:59:00+00:00,1455.3500061035156,1451.736005859375
315,2025-05-15 09:00:00+00:00,1460.9000244140625,1461.4000244140625,1459.4000244140625,1459.5999755859375,283494,2025-05-15 09:00:00+00:00,1455.7000061035155,1452.0780053710937
316,2025-05-15 09:01:00+00:00,1458.0999755859375,1460.9000244140625,1457.0,1460.5,87708,2025-05-15 09:01:00+00:00,1455.8900024414063,1452.3680053710937
317,2025-05-15 09:02:00+00:00,1458.0999755859375,1459.199951171875,1457.0999755859375,1457.800048828125,101609,2025-05-15 09:02:00+00:00,1456.054998779297,1452.6420043945313
318,2025-05-15 09:03:00+00:00,1458.0,1459.699951171875,1457.699951171875,1458.9000244140625,100029,2025-05-15 09:03:00+00:00,1456.2349975585937,1452.9480053710938
319,2025-05-15 09:04:00+00:00,1458.0999755859375,1458.0999755859375,1455.199951171875,1458.0,119307,2025-05-15 09:04:00+00:00,1456.4399963378905,1453.2420043945312
320,2025-05-15 09:05:00+00:00,1456.0999755859375,1458.0,1455.5,1458.0,140857,2025-05-15 09:05:00+00:00,1456.4999938964843,1453.4480029296874
321,2025-05-15 09:06:00+00:00,1457.0999755859375,1457.5,1456.4000244140625,1456.5,62920,2025-05-15 09:06:00+00:00,1456.5749938964843,1453.652001953125
322,2025-05-15 09:07:00+00:00,1456.800048828125,1458.5999755859375,1456.800048828125,1457.800048828125,125795,2025-05-15 09:07:00+00:00,1456.7099975585938,1453.8500024414063
323,2025-05-15 09:08:00+00:00,1455.300048828125,1456.9000244140625,1455.300048828125,1456.800048828125,80860,2025-05-15 09:08:00+00:00,1456.875,1453.9960034179687
324,2025-05-15 09:09:00+00:00,1454.199951171875,1455.300048828125,1454.0999755859375,1455.300048828125,68470,2025-05-15 09:09:00+00:00,1456.85,1454.1300024414063
325,2025-05-15 09:10:00+00:00,1454.199951171875,1455.4000244140625,1454.0999755859375,1454.300048828125,39313,2025-05-15 09:10:00+00:00,1456.804998779297,1454.2340014648437
326,2025-05-15 09:11:00+00:00,1454.0,1454.9000244140625,1454.0,1454.5,41150,2025-05-15 09:11:00+00:00,1456.804998779297,1454.3140014648438
327,2025-05-15 09:12:00+00:00,1453.800048828125,1454.199951171875,1452.699951171875,1454.199951171875,69220,2025-05-15 09:12:00+00:00,1456.7400024414062,1454.3900024414063
328,2025-05-15 09:13:00+00:00,1453.0999755859375,1454.5,1453.0999755859375,1453.9000244140625,41100,2025-05-15 09:13:00+00:00,1456.5950012207031,1454.4400024414062
329,2025-05-15 09:14:00+00:00,1456.9000244140625,1456.9000244140625,1453.0999755859375,1453.0999755859375,55394,2025-05-15 09:14:00+00:00,1456.6700012207032,1454.562001953125
330,2025-05-15 09:15:00+00:00,1456.5,1457.5999755859375,1455.9000244140625,1457.199951171875,134636,2025-05-15 09:15:00+00:00,1456.645001220703,1454.662001953125
331,2025-05-15 09:16:00+00:00,1455.0,1456.699951171875,1454.199951171875,1456.699951171875,35259,2025-05-15 09:16:00+00:00,1456.5299987792969,1454.7400024414062
332,2025-05-15 09:17:00+00:00,1455.0999755859375,1455.5999755859375,1453.5999755859375,1455.0,31705,2025-05-15 09:17:00+00:00,1456.425,1454.802001953125
333,2025-05-15 09:18:00+00:00,1454.9000244140625,1455.300048828125,1454.5,1455.0999755859375,36607,2025-05-15 09:18:00+00:00,1456.3,1454.852001953125
334,2025-05-15 09:19:00+00:00,1455.300048828125,1455.800048828125,1454.699951171875,1455.0999755859375,42698,2025-05-15 09:19:00+00:00,1456.075,1454.9080029296874
335,2025-05-15 09:20:00+00:00,1454.5,1455.4000244140625,1454.4000244140625,1455.300048828125,27507,2025-05-15 09:20:00+00:00,1455.7549987792968,1454.9700024414062
336,2025-05-15 09:21:00+00:00,1454.199951171875,1455.0999755859375,1453.9000244140625,1454.5999755859375,27193,2025-05-15 09:21:00+00:00,1455.5599975585938,1455.012001953125
337,2025-05-15 09:22:00+00:00,1454.199951171875,1455.0,1454.0,1454.5999755859375,20564,2025-05-15 09:22:00+00:00,1455.3649963378907,1455.042001953125
338,2025-05-15 09:23:00+00:00,1454.199951171875,1455.300048828125,1454.0999755859375,1454.300048828125,40741,2025-05-15 09:23:00+00:00,1455.1749938964845,1455.0960009765624
339,2025-05-15 09:24:00+00:00,1454.300048828125,1454.9000244140625,1454.0,1454.0,25033,2025-05-15 09:24:00+00:00,1454.9849975585937,1455.1500024414063
340,2025-05-15 09:25:00+00:00,1453.5,1454.300048828125,1452.199951171875,1454.300048828125,73927,2025-05-15 09:25:00+00:00,1454.854998779297,1455.212001953125
341,2025-05-15 09:26:00+00:00,1453.800048828125,1454.0999755859375,1453.4000244140625,1453.4000244140625,22772,2025-05-15 09:26:00+00:00,1454.6900024414062,1455.262001953125
342,2025-05-15 09:27:00+00:00,1454.0,1454.5,1453.5999755859375,1453.5999755859375,29372,2025-05-15 09:27:00+00:00,1454.55,1455.302001953125
343,2025-05-15 09:28:00+00:00,1454.199951171875,1454.699951171875,1454.0,1454.199951171875,55440,2025-05-15 09:28:00+00:00,1454.4949951171875,1455.35
344,2025-05-15 09:29:00+00:00,1454.0999755859375,1454.5,1453.9000244140625,1454.0999755859375,33118,2025-05-15 09:29:00+00:00,1454.4899963378907,1455.39
345,2025-05-15 09:30:00+00:00,1453.0,1455.199951171875,1452.5,1454.4000244140625,177834,2025-05-15 09:30:00+00:00,1454.429998779297,1455.3719995117187
346,2025-05-15 09:31:00+00:00,1454.0999755859375,1454.800048828125,1453.0999755859375,1453.0999755859375,94831,2025-05-15 09:31:00+00:00,1454.4349975585938,1455.367998046875
347,2025-05-15 09:32:00+00:00,1454.4000244140625,1455.0,1454.0999755859375,1454.0999755859375,145926,2025-05-15 09:32:00+00:00,1454.4649963378906,1455.3599975585937
348,2025-05-15 09:33:00+00:00,1455.0,1455.0,1454.300048828125,1454.300048828125,94921,2025-05-15 09:33:00+00:00,1454.5599975585938,1455.3719970703125
349,2025-05-15 09:34:00+00:00,1454.5999755859375,1455.699951171875,1454.4000244140625,1455.199951171875,134583,2025-05-15 09:34:00+00:00,1454.4449951171875,1455.3839965820312
350,2025-05-15 09:35:00+00:00,1455.199951171875,1455.4000244140625,1454.5999755859375,1454.5999755859375,90932,2025-05-15 09:35:00+00:00,1454.3799926757813,1455.3899951171875
351,2025-05-15 09:36:00+00:00,1455.699951171875,1455.800048828125,1454.699951171875,1455.199951171875,151006,2025-05-15 09:36:00+00:00,1454.414990234375,1455.3919946289063
352,2025-05-15 09:37:00+00:00,1454.199951171875,1456.0999755859375,1454.0999755859375,1455.5,96545,2025-05-15 09:37:00+00:00,1454.3699890136718,1455.393994140625
353,2025-05-15 09:38:00+00:00,1453.800048828125,1454.300048828125,1453.5999755859375,1454.0,65338,2025-05-15 09:38:00+00:00,1454.314990234375,1455.4299951171874
354,2025-05-15 09:39:00+00:00,1454.199951171875,1454.800048828125,1453.800048828125,1453.800048828125,130538,2025-05-15 09:39:00+00:00,1454.2599853515626,1455.4199951171875
355,2025-05-15 09:40:00+00:00,1453.800048828125,1455.199951171875,1453.4000244140625,1454.0999755859375,147012,2025-05-15 09:40:00+00:00,1454.2249877929687,1455.3939965820311
356,2025-05-15 09:41:00+00:00,1453.5999755859375,1454.0,1453.199951171875,1453.5999755859375,88030,2025-05-15 09:41:00+00:00,1454.1949890136718,1455.38599609375
357,2025-05-15 09:42:00+00:00,1453.800048828125,1453.800048828125,1453.199951171875,1453.199951171875,106117,2025-05-15 09:42:00+00:00,1454.1749938964845,1455.3599975585937
358,2025-05-15 09:43:00+00:00,1453.300048828125,1453.800048828125,1452.800048828125,1453.800048828125,117709,2025-05-15 09:43:00+00:00,1454.1299987792968,1455.3059985351563
359,2025-05-15 09:44:00+00:00,1452.9000244140625,1453.699951171875,1452.5999755859375,1453.4000244140625,81183,2025-05-15 09:44:00+00:00,1454.0599975585938,1455.2559985351563
360,2025-05-15 09:45:00+00:00,1453.5999755859375,1453.5999755859375,1451.0,1452.5999755859375,221321,2025-05-15 09:45:00+00:00,1454.0649963378905,1455.187998046875
361,2025-05-15 09:46:00+00:00,1452.4000244140625,1453.9000244140625,1452.0999755859375,1453.5999755859375,99168,2025-05-15 09:46:00+00:00,1453.9949951171875,1455.0899975585937
362,2025-05-15 09:47:00+00:00,1452.5999755859375,1453.0999755859375,1452.4000244140625,1452.5,82499,2025-05-15 09:47:00+00:00,1453.9249938964845,1454.997998046875
363,2025-05-15 09:48:00+00:00,1452.5999755859375,1453.800048828125,1452.4000244140625,1452.4000244140625,132921,2025-05-15 09:48:00+00:00,1453.8449951171874,1454.9019970703125
364,2025-05-15 09:49:00+00:00,1452.4000244140625,1452.9000244140625,1452.300048828125,1452.800048828125,113142,2025-05-15 09:49:00+00:00,1453.7599975585938,1454.7539965820313
365,2025-05-15 09:50:00+00:00,1454.699951171875,1455.0999755859375,1452.4000244140625,1452.5999755859375,259918,2025-05-15 09:50:00+00:00,1453.8449951171874,1454.6299951171875
366,2025-05-15 09:51:00+00:00,1454.4000244140625,1455.0999755859375,1453.800048828125,1454.699951171875,116520,2025-05-15 09:51:00+00:00,1453.8599975585937,1454.55599609375
367,2025-05-15 09:52:00+00:00,1454.9000244140625,1455.0999755859375,1454.0,1454.0,128038,2025-05-15 09:52:00+00:00,1453.8849975585938,1454.4919970703124
368,2025-05-15 09:53:00+00:00,1454.800048828125,1455.5,1454.699951171875,1454.699951171875,151138,2025-05-15 09:53:00+00:00,1453.875,1454.427998046875
369,2025-05-15 09:54:00+00:00,1455.9000244140625,1456.0,1454.800048828125,1454.9000244140625,216732,2025-05-15 09:54:00+00:00,1453.9400024414062,1454.3839990234376
370,2025-05-15 09:55:00+00:00,1455.0,1455.9000244140625,1454.800048828125,1455.699951171875,102703,2025-05-15 09:55:00+00:00,1453.9300048828125,1454.3619995117188
371,2025-05-15 09:56:00+00:00,1454.699951171875,1455.199951171875,1454.5,1455.0,81679,2025-05-15 09:56:00+00:00,1453.8800048828125,1454.3139990234374
372,2025-05-15 09:57:00+00:00,1455.0,1455.199951171875,1454.5,1454.5999755859375,113856,2025-05-15 09:57:00+00:00,1453.9200073242187,1454.277998046875
373,2025-05-15 09:58:00+00:00,1453.800048828125,1455.300048828125,1453.199951171875,1454.9000244140625,100853,2025-05-15 09:58:00+00:00,1453.9200073242187,1454.247998046875
374,2025-05-15 09:59:00+00:00,1453.0,1454.5999755859375,1452.9000244140625,1453.300048828125,40318,2025-05-15 09:59:00+00:00,1453.860009765625,1454.2239990234375
